{"cameraMode":{"drawMode":0,"name":"Shaded","section":"Shading Mode"},"sceneLighting":false,"audioPlay":false,"sceneViewState":{"showFog":true,"showMaterialUpdate":false,"showSkybox":false,"showFlares":true,"showImageEffects":true,"showParticleSystems":true},"in2DMode":false,"pivot":{"x":1172.0340576171875,"y":556.1287841796875,"z":-365.6807861328125},"rotation":{"x":0.19356092810630799,"y":-0.29358649253845217,"z":0.06083189696073532,"w":0.934152364730835},"size":9.567423820495606,"orthographic":false}