{"cameraMode":{"drawMode":0,"name":"Shaded","section":"Shading Mode"},"sceneLighting":false,"audioPlay":false,"sceneViewState":{"showFog":true,"showMaterialUpdate":true,"showSkybox":true,"showFlares":true,"showImageEffects":true,"showParticleSystems":true},"in2DMode":false,"pivot":{"x":37.777992248535159,"y":23.756805419921876,"z":60.8928108215332},"rotation":{"x":-0.049244094640016559,"y":-0.10165738314390183,"z":0.005043057259172201,"w":-0.9935871362686157},"size":116.23108673095703,"orthographic":false}