{"cameraMode":{"drawMode":0,"name":"Shaded","section":"Shading Mode"},"sceneLighting":false,"audioPlay":false,"sceneViewState":{"showFog":true,"showMaterialUpdate":false,"showSkybox":true,"showFlares":true,"showImageEffects":true,"showParticleSystems":true},"in2DMode":false,"pivot":{"x":-3105.201416015625,"y":-85.14752197265625,"z":510.86419677734377},"rotation":{"x":-0.11957986652851105,"y":-0.750525176525116,"z":0.14147788286209107,"w":-0.6343474388122559},"size":249.5591278076172,"orthographic":false}