{"cameraMode":{"drawMode":0,"name":"Shaded","section":"Shading Mode"},"sceneLighting":false,"audioPlay":false,"sceneViewState":{"showFog":true,"showMaterialUpdate":false,"showSkybox":true,"showFlares":true,"showImageEffects":true,"showParticleSystems":true},"in2DMode":false,"pivot":{"x":148.3926544189453,"y":537.8804321289063,"z":192.92483520507813},"rotation":{"x":-0.01979421265423298,"y":0.042568206787109378,"z":-0.0008457083604298532,"w":-0.998897135257721},"size":459.6543273925781,"orthographic":false}