{"cameraMode":{"drawMode":0,"name":"Shaded","section":"Shading Mode"},"sceneLighting":false,"audioPlay":false,"sceneViewState":{"showFog":true,"showMaterialUpdate":false,"showSkybox":true,"showFlares":true,"showImageEffects":true,"showParticleSystems":true},"in2DMode":false,"pivot":{"x":-3.822601079940796,"y":59.5280876159668,"z":-107.5911865234375},"rotation":{"x":0.21463796496391297,"y":0.1945030838251114,"z":-0.043660473078489307,"w":0.9561343789100647},"size":4.041658401489258,"orthographic":false}