{"cameraMode":{"drawMode":0,"name":"Shaded","section":"Shading Mode"},"sceneLighting":false,"audioPlay":false,"sceneViewState":{"showFog":true,"showMaterialUpdate":false,"showSkybox":true,"showFlares":true,"showImageEffects":true,"showParticleSystems":true},"in2DMode":false,"pivot":{"x":-2957.2080078125,"y":256.3460388183594,"z":-45.41675567626953},"rotation":{"x":-0.44596365094184878,"y":0.2030051052570343,"z":-0.10461242496967316,"w":-0.865425705909729},"size":1311.62109375,"orthographic":false}