{"cameraMode":{"drawMode":0,"name":"Shaded","section":"Shading Mode"},"sceneLighting":false,"audioPlay":false,"sceneViewState":{"showFog":true,"showMaterialUpdate":false,"showSkybox":true,"showFlares":true,"showImageEffects":true,"showParticleSystems":true},"in2DMode":false,"pivot":{"x":-278.5802307128906,"y":217.2302703857422,"z":690.8773803710938},"rotation":{"x":-0.09641214460134506,"y":-0.6276770830154419,"z":0.07874956727027893,"w":-0.7684560418128967},"size":7.903689861297607,"orthographic":false}