{"cameraMode":{"drawMode":0,"name":"Shaded","section":"Shading Mode"},"sceneLighting":false,"audioPlay":false,"sceneViewState":{"showFog":true,"showMaterialUpdate":false,"showSkybox":true,"showFlares":true,"showImageEffects":true,"showParticleSystems":true},"in2DMode":false,"pivot":{"x":-12.893643379211426,"y":-5.358336448669434,"z":28.61301040649414},"rotation":{"x":-0.10506489127874375,"y":-0.030727678909897805,"z":0.003247689688578248,"w":-0.9939852356910706},"size":64.29492950439453,"orthographic":false}