{"cameraMode":{"drawMode":0,"name":"Shaded","section":"Shading Mode"},"sceneLighting":false,"audioPlay":false,"sceneViewState":{"showFog":true,"showMaterialUpdate":false,"showSkybox":true,"showFlares":true,"showImageEffects":true,"showParticleSystems":true},"in2DMode":false,"pivot":{"x":175.57347106933595,"y":-28.729347229003908,"z":126.90138244628906},"rotation":{"x":-0.09346634894609451,"y":-0.4009935259819031,"z":0.04116935655474663,"w":-0.9103699326515198},"size":227.7415771484375,"orthographic":false}