{"cameraMode":{"drawMode":0,"name":"Shaded","section":"Shading Mode"},"sceneLighting":false,"audioPlay":false,"sceneViewState":{"showFog":true,"showMaterialUpdate":false,"showSkybox":true,"showFlares":true,"showImageEffects":true,"showParticleSystems":true},"in2DMode":false,"pivot":{"x":-3078.92578125,"y":17.440893173217775,"z":176.44381713867188},"rotation":{"x":0.21641145646572114,"y":0.5907461047172546,"z":-0.16847659647464753,"w":0.758815348148346},"size":9.474292755126954,"orthographic":false}