{"cameraMode":{"drawMode":0,"name":"Shaded","section":"Shading Mode"},"sceneLighting":true,"audioPlay":false,"sceneViewState":{"showFog":false,"showMaterialUpdate":false,"showSkybox":false,"showFlares":false,"showImageEffects":false,"showParticleSystems":false},"in2DMode":false,"pivot":{"x":-181.05316162109376,"y":40.19682312011719,"z":156.13531494140626},"rotation":{"x":0.09874387830495835,"y":-0.4933164417743683,"z":0.05649155378341675,"w":0.8623788952827454},"size":423.59722900390627,"orthographic":false}